SampleID,Orientation,SampleName,Species,Island Collected From,RC 3' Illumina adaptor,RC_Barcode,Pad,Linker,Gene Primer (806R),Full Sequence (Adaptor&Barcode&Pad&Linker&Geneprimer) (5'-3')
Acuta16S_Pa_KU_01,Windward,AOO2055,P acuta,Kusu,CAAGCAGAAGACGGCATACGAGAT,ATCGCTTAAGGC,AGTCAGTCAG,CC,GGACTACHVGGGTWTCTAAT,CAAGCAGAAGACGGCATACGAGATATCGCTTAAGGCAGTCAGTCAGCCGGACTACHVGGGTWTCTAAT
Acuta16S_Pa_KU_02,Windward,AOO2054,P acuta,Kusu,CAAGCAGAAGACGGCATACGAGAT,ACCATCCAACGA,AGTCAGTCAG,CC,GGACTACHVGGGTWTCTAAT,CAAGCAGAAGACGGCATACGAGATACCATCCAACGAAGTCAGTCAGCCGGACTACHVGGGTWTCTAAT
Acuta16S_Pa_KU_03,Windward,AOO2053,P acuta,Kusu,CAAGCAGAAGACGGCATACGAGAT,GCAATAGGAGGA,AGTCAGTCAG,CC,GGACTACHVGGGTWTCTAAT,CAAGCAGAAGACGGCATACGAGATGCAATAGGAGGAAGTCAGTCAGCCGGACTACHVGGGTWTCTAAT
Acuta16S_Pa_KU_04,Windward,AOO2052,P acuta,Kusu,CAAGCAGAAGACGGCATACGAGAT,CCGAACGTCACT,AGTCAGTCAG,CC,GGACTACHVGGGTWTCTAAT,CAAGCAGAAGACGGCATACGAGATCCGAACGTCACTAGTCAGTCAGCCGGACTACHVGGGTWTCTAAT
Acuta16S_Pa_KU_05,Windward,AOO2051,P acuta,Kusu,CAAGCAGAAGACGGCATACGAGAT,ACACCAACACCA,AGTCAGTCAG,CC,GGACTACHVGGGTWTCTAAT,CAAGCAGAAGACGGCATACGAGATACACCAACACCAAGTCAGTCAGCCGGACTACHVGGGTWTCTAAT
Acuta16S_Pa_KU_06,Windward,AOO2050,P acuta,Kusu,CAAGCAGAAGACGGCATACGAGAT,CCATCACATAGG,AGTCAGTCAG,CC,GGACTACHVGGGTWTCTAAT,CAAGCAGAAGACGGCATACGAGATCCATCACATAGGAGTCAGTCAGCCGGACTACHVGGGTWTCTAAT
Acuta16S_Pa_KU_07,Windward,AOO2049,P acuta,Kusu,CAAGCAGAAGACGGCATACGAGAT,CGACACGGAGAA,AGTCAGTCAG,CC,GGACTACHVGGGTWTCTAAT,CAAGCAGAAGACGGCATACGAGATCGACACGGAGAAAGTCAGTCAGCCGGACTACHVGGGTWTCTAAT
Acuta16S_Pa_KU_08,Windward,AOO2048,P acuta,Kusu,CAAGCAGAAGACGGCATACGAGAT,GAACCTATGACA,AGTCAGTCAG,CC,GGACTACHVGGGTWTCTAAT,CAAGCAGAAGACGGCATACGAGATGAACCTATGACAAGTCAGTCAGCCGGACTACHVGGGTWTCTAAT
Acuta16S_Pa_KU_09,Windward,AOO2047,P acuta,Kusu,CAAGCAGAAGACGGCATACGAGAT,ATGCCGGTAATA,AGTCAGTCAG,CC,GGACTACHVGGGTWTCTAAT,CAAGCAGAAGACGGCATACGAGATATGCCGGTAATAAGTCAGTCAGCCGGACTACHVGGGTWTCTAAT
Acuta16S_Pa_KU_10,Windward,AOO2046,P acuta,Kusu,CAAGCAGAAGACGGCATACGAGAT,GAACAGCTCTAC,AGTCAGTCAG,CC,GGACTACHVGGGTWTCTAAT,CAAGCAGAAGACGGCATACGAGATGAACAGCTCTACAGTCAGTCAGCCGGACTACHVGGGTWTCTAAT
Acuta16S_Pa_KU_11,Windward,AOO2045,P acuta,Kusu,CAAGCAGAAGACGGCATACGAGAT,GTGAGTCATACC,AGTCAGTCAG,CC,GGACTACHVGGGTWTCTAAT,CAAGCAGAAGACGGCATACGAGATGTGAGTCATACCAGTCAGTCAGCCGGACTACHVGGGTWTCTAAT
Acuta16S_Pa_KU_12,Windward,AOO2044,P acuta,Kusu,CAAGCAGAAGACGGCATACGAGAT,TGGCCGTTACTG,AGTCAGTCAG,CC,GGACTACHVGGGTWTCTAAT,CAAGCAGAAGACGGCATACGAGATTGGCCGTTACTGAGTCAGTCAGCCGGACTACHVGGGTWTCTAAT
Acuta16S_Pa_KU_13,Windward,AOO2043,P acuta,Kusu,CAAGCAGAAGACGGCATACGAGAT,TAGAGCTGCCAT,AGTCAGTCAG,CC,GGACTACHVGGGTWTCTAAT,CAAGCAGAAGACGGCATACGAGATTAGAGCTGCCATAGTCAGTCAGCCGGACTACHVGGGTWTCTAAT
Acuta16S_Pa_KU_14,Windward,AOO2042,P acuta,Kusu,CAAGCAGAAGACGGCATACGAGAT,ATCTAGTGGCAA,AGTCAGTCAG,CC,GGACTACHVGGGTWTCTAAT,CAAGCAGAAGACGGCATACGAGATATCTAGTGGCAAAGTCAGTCAGCCGGACTACHVGGGTWTCTAAT
Acuta16S_Pa_KU_15,Windward,AOO2041,P acuta,Kusu,CAAGCAGAAGACGGCATACGAGAT,CCTTCAATGGGA,AGTCAGTCAG,CC,GGACTACHVGGGTWTCTAAT,CAAGCAGAAGACGGCATACGAGATCCTTCAATGGGAAGTCAGTCAGCCGGACTACHVGGGTWTCTAAT
Acuta16S_Pa_KU_16,Windward,AOO2040,P acuta,Kusu,CAAGCAGAAGACGGCATACGAGAT,TTGACGACATCG,AGTCAGTCAG,CC,GGACTACHVGGGTWTCTAAT,CAAGCAGAAGACGGCATACGAGATTTGACGACATCGAGTCAGTCAGCCGGACTACHVGGGTWTCTAAT
Acuta16S_Pa_KU_17,Windward,AOO2039,P acuta,Kusu,CAAGCAGAAGACGGCATACGAGAT,ACATACTGAGCA,AGTCAGTCAG,CC,GGACTACHVGGGTWTCTAAT,CAAGCAGAAGACGGCATACGAGATACATACTGAGCAAGTCAGTCAGCCGGACTACHVGGGTWTCTAAT
Acuta16S_Pa_KU_18,Windward,AOO2038,P acuta,Kusu,CAAGCAGAAGACGGCATACGAGAT,GGCTAAACTATG,AGTCAGTCAG,CC,GGACTACHVGGGTWTCTAAT,CAAGCAGAAGACGGCATACGAGATGGCTAAACTATGAGTCAGTCAGCCGGACTACHVGGGTWTCTAAT
Acuta16S_Pa_KU_19,Windward,AOO2037,P acuta,Kusu,CAAGCAGAAGACGGCATACGAGAT,AAGAGCAGAGCC,AGTCAGTCAG,CC,GGACTACHVGGGTWTCTAAT,CAAGCAGAAGACGGCATACGAGATAAGAGCAGAGCCAGTCAGTCAGCCGGACTACHVGGGTWTCTAAT
Acuta16S_Pa_KU_20,Windward,AOO2036,P acuta,Kusu,CAAGCAGAAGACGGCATACGAGAT,GGAGAGATCACG,AGTCAGTCAG,CC,GGACTACHVGGGTWTCTAAT,CAAGCAGAAGACGGCATACGAGATGGAGAGATCACGAGTCAGTCAGCCGGACTACHVGGGTWTCTAAT
Acuta16S_Pa_SI_01,Windward,AOO2035,P acuta,Sisters,CAAGCAGAAGACGGCATACGAGAT,TCAACCCGTGAA,AGTCAGTCAG,CC,GGACTACHVGGGTWTCTAAT,CAAGCAGAAGACGGCATACGAGATTCAACCCGTGAAAGTCAGTCAGCCGGACTACHVGGGTWTCTAAT
Acuta16S_Pa_SI_02,Windward,AOO2034,P acuta,Sisters,CAAGCAGAAGACGGCATACGAGAT,GTTTGAAACACG,AGTCAGTCAG,CC,GGACTACHVGGGTWTCTAAT,CAAGCAGAAGACGGCATACGAGATGTTTGAAACACGAGTCAGTCAGCCGGACTACHVGGGTWTCTAAT
Acuta16S_Pa_SI_03,Windward,AOO2033,P acuta,Sisters,CAAGCAGAAGACGGCATACGAGAT,AGAGAGACAGGT,AGTCAGTCAG,CC,GGACTACHVGGGTWTCTAAT,CAAGCAGAAGACGGCATACGAGATAGAGAGACAGGTAGTCAGTCAGCCGGACTACHVGGGTWTCTAAT
Acuta16S_Pa_SI_04,Windward,AOO2032,P acuta,Sisters,CAAGCAGAAGACGGCATACGAGAT,TCGCCAGTGCAT,AGTCAGTCAG,CC,GGACTACHVGGGTWTCTAAT,CAAGCAGAAGACGGCATACGAGATTCGCCAGTGCATAGTCAGTCAGCCGGACTACHVGGGTWTCTAAT
Acuta16S_Pa_SI_05,Windward,AOO2031,P acuta,Sisters,CAAGCAGAAGACGGCATACGAGAT,GCTCAGGACTCT,AGTCAGTCAG,CC,GGACTACHVGGGTWTCTAAT,CAAGCAGAAGACGGCATACGAGATGCTCAGGACTCTAGTCAGTCAGCCGGACTACHVGGGTWTCTAAT
Acuta16S_Pa_SI_06,Windward,AOO2030,P acuta,Sisters,CAAGCAGAAGACGGCATACGAGAT,CACTTTGGGTGC,AGTCAGTCAG,CC,GGACTACHVGGGTWTCTAAT,CAAGCAGAAGACGGCATACGAGATCACTTTGGGTGCAGTCAGTCAGCCGGACTACHVGGGTWTCTAAT
Acuta16S_Pa_SI_07,Windward,AOO2029,P acuta,Sisters,CAAGCAGAAGACGGCATACGAGAT,TCTAGCCTGGCA,AGTCAGTCAG,CC,GGACTACHVGGGTWTCTAAT,CAAGCAGAAGACGGCATACGAGATTCTAGCCTGGCAAGTCAGTCAGCCGGACTACHVGGGTWTCTAAT
Acuta16S_Pa_SI_08,Windward,AOO2028,P acuta,Sisters,CAAGCAGAAGACGGCATACGAGAT,AATGCAATGCGT,AGTCAGTCAG,CC,GGACTACHVGGGTWTCTAAT,CAAGCAGAAGACGGCATACGAGATAATGCAATGCGTAGTCAGTCAGCCGGACTACHVGGGTWTCTAAT
Acuta16S_Pa_SI_09,Windward,AOO2027,P acuta,Sisters,CAAGCAGAAGACGGCATACGAGAT,CGAATGAGTCAT,AGTCAGTCAG,CC,GGACTACHVGGGTWTCTAAT,CAAGCAGAAGACGGCATACGAGATCGAATGAGTCATAGTCAGTCAGCCGGACTACHVGGGTWTCTAAT
Acuta16S_Pa_SI_10,Windward,AOO2026,P acuta,Sisters,CAAGCAGAAGACGGCATACGAGAT,CAACGCTAGAAT,AGTCAGTCAG,CC,GGACTACHVGGGTWTCTAAT,CAAGCAGAAGACGGCATACGAGATCAACGCTAGAATAGTCAGTCAGCCGGACTACHVGGGTWTCTAAT
Acuta16S_Pa_SI_11,Windward,AOO2025,P acuta,Sisters,CAAGCAGAAGACGGCATACGAGAT,ATCAGAGCCCAT,AGTCAGTCAG,CC,GGACTACHVGGGTWTCTAAT,CAAGCAGAAGACGGCATACGAGATATCAGAGCCCATAGTCAGTCAGCCGGACTACHVGGGTWTCTAAT
Acuta16S_Pa_SI_12,Windward,AOO2024,P acuta,Sisters,CAAGCAGAAGACGGCATACGAGAT,TCTGTAGAGCCA,AGTCAGTCAG,CC,GGACTACHVGGGTWTCTAAT,CAAGCAGAAGACGGCATACGAGATTCTGTAGAGCCAAGTCAGTCAGCCGGACTACHVGGGTWTCTAAT
Acuta16S_Pa_SI_13,Leeward,AOO2023,P acuta,Sisters,CAAGCAGAAGACGGCATACGAGAT,CCGACTCTAGGT,AGTCAGTCAG,CC,GGACTACHVGGGTWTCTAAT,CAAGCAGAAGACGGCATACGAGATCCGACTCTAGGTAGTCAGTCAGCCGGACTACHVGGGTWTCTAAT
Acuta16S_Pa_SI_14,Leeward,AOO2022,P acuta,Sisters,CAAGCAGAAGACGGCATACGAGAT,ATCCTACGAGCA,AGTCAGTCAG,CC,GGACTACHVGGGTWTCTAAT,CAAGCAGAAGACGGCATACGAGATATCCTACGAGCAAGTCAGTCAGCCGGACTACHVGGGTWTCTAAT
Acuta16S_Pa_SI_15,Leeward,AOO2021,P acuta,Sisters,CAAGCAGAAGACGGCATACGAGAT,GACAACGAATCT,AGTCAGTCAG,CC,GGACTACHVGGGTWTCTAAT,CAAGCAGAAGACGGCATACGAGATGACAACGAATCTAGTCAGTCAGCCGGACTACHVGGGTWTCTAAT
Acuta16S_Pa_SI_16,Leeward,AOO2020,P acuta,Sisters,CAAGCAGAAGACGGCATACGAGAT,TGCGGTTGACTC,AGTCAGTCAG,CC,GGACTACHVGGGTWTCTAAT,CAAGCAGAAGACGGCATACGAGATTGCGGTTGACTCAGTCAGTCAGCCGGACTACHVGGGTWTCTAAT
Acuta16S_Pa_SI_17,Leeward,AOO2019,P acuta,Sisters,CAAGCAGAAGACGGCATACGAGAT,TGAGAAGAAAGG,AGTCAGTCAG,CC,GGACTACHVGGGTWTCTAAT,CAAGCAGAAGACGGCATACGAGATTGAGAAGAAAGGAGTCAGTCAGCCGGACTACHVGGGTWTCTAAT
Acuta16S_Pa_SI_18,Leeward,AOO2018,P acuta,Sisters,CAAGCAGAAGACGGCATACGAGAT,TCGGATCTGTGA,AGTCAGTCAG,CC,GGACTACHVGGGTWTCTAAT,CAAGCAGAAGACGGCATACGAGATTCGGATCTGTGAAGTCAGTCAGCCGGACTACHVGGGTWTCTAAT
Acuta16S_Pa_SI_19,Leeward,AOO2017,P acuta,Sisters,CAAGCAGAAGACGGCATACGAGAT,GCCGGTACTCTA,AGTCAGTCAG,CC,GGACTACHVGGGTWTCTAAT,CAAGCAGAAGACGGCATACGAGATGCCGGTACTCTAAGTCAGTCAGCCGGACTACHVGGGTWTCTAAT
Acuta16S_Pa_SI_20,Leeward,AOO2016,P acuta,Sisters,CAAGCAGAAGACGGCATACGAGAT,CACAGGATTACC,AGTCAGTCAG,CC,GGACTACHVGGGTWTCTAAT,CAAGCAGAAGACGGCATACGAGATCACAGGATTACCAGTCAGTCAGCCGGACTACHVGGGTWTCTAAT
Acuta16S_Pa_SJ_01,Leeward,AOO2015,P acuta,St John,CAAGCAGAAGACGGCATACGAGAT,CGATATCAGTAG,AGTCAGTCAG,CC,GGACTACHVGGGTWTCTAAT,CAAGCAGAAGACGGCATACGAGATCGATATCAGTAGAGTCAGTCAGCCGGACTACHVGGGTWTCTAAT
Acuta16S_Pa_HA_01,Leeward,AOO2014,P acuta,Hantu,CAAGCAGAAGACGGCATACGAGAT,CATAAGGGAGGC,AGTCAGTCAG,CC,GGACTACHVGGGTWTCTAAT,CAAGCAGAAGACGGCATACGAGATCATAAGGGAGGCAGTCAGTCAGCCGGACTACHVGGGTWTCTAAT
Acuta16S_Pa_HA_02,Leeward,AOO2013,P acuta,Hantu,CAAGCAGAAGACGGCATACGAGAT,TGTGTTACTCCT,AGTCAGTCAG,CC,GGACTACHVGGGTWTCTAAT,CAAGCAGAAGACGGCATACGAGATTGTGTTACTCCTAGTCAGTCAGCCGGACTACHVGGGTWTCTAAT
Acuta16S_Pa_HA_03,Leeward,AOO2012,P acuta,Hantu,CAAGCAGAAGACGGCATACGAGAT,GGTACCTGCAAT,AGTCAGTCAG,CC,GGACTACHVGGGTWTCTAAT,CAAGCAGAAGACGGCATACGAGATGGTACCTGCAATAGTCAGTCAGCCGGACTACHVGGGTWTCTAAT
Acuta16S_Pa_HA_04,Leeward,AOO2011,P acuta,Hantu,CAAGCAGAAGACGGCATACGAGAT,TCGCCTATAAGG,AGTCAGTCAG,CC,GGACTACHVGGGTWTCTAAT,CAAGCAGAAGACGGCATACGAGATTCGCCTATAAGGAGTCAGTCAGCCGGACTACHVGGGTWTCTAAT
Acuta16S_Pa_HA_05,Leeward,AOO2010,P acuta,Hantu,CAAGCAGAAGACGGCATACGAGAT,AGTGGCACTATC,AGTCAGTCAG,CC,GGACTACHVGGGTWTCTAAT,CAAGCAGAAGACGGCATACGAGATAGTGGCACTATCAGTCAGTCAGCCGGACTACHVGGGTWTCTAAT
Acuta16S_Pa_JO_01,Leeward,AOO2009,P acuta,Jong,CAAGCAGAAGACGGCATACGAGAT,TAACCCGATAGA,AGTCAGTCAG,CC,GGACTACHVGGGTWTCTAAT,CAAGCAGAAGACGGCATACGAGATTAACCCGATAGAAGTCAGTCAGCCGGACTACHVGGGTWTCTAAT
Acuta16S_Pa_JO_02,Leeward,AOO2008,P acuta,Jong,CAAGCAGAAGACGGCATACGAGAT,GTGTGCTAACGT,AGTCAGTCAG,CC,GGACTACHVGGGTWTCTAAT,CAAGCAGAAGACGGCATACGAGATGTGTGCTAACGTAGTCAGTCAGCCGGACTACHVGGGTWTCTAAT
Acuta16S_Pa_JO_03,Leeward,AOO2007,P acuta,Jong,CAAGCAGAAGACGGCATACGAGAT,CTTGCGGCAATC,AGTCAGTCAG,CC,GGACTACHVGGGTWTCTAAT,CAAGCAGAAGACGGCATACGAGATCTTGCGGCAATCAGTCAGTCAGCCGGACTACHVGGGTWTCTAAT
Acuta16S_Pa_JO_04,Leeward,AOO2006,P acuta,Jong,CAAGCAGAAGACGGCATACGAGAT,TGAGGTTTGATG,AGTCAGTCAG,CC,GGACTACHVGGGTWTCTAAT,CAAGCAGAAGACGGCATACGAGATTGAGGTTTGATGAGTCAGTCAGCCGGACTACHVGGGTWTCTAAT
Acuta16S_Pa_JO_05,Leeward,AOO2005,P acuta,Jong,CAAGCAGAAGACGGCATACGAGAT,ATTGCTGGTCGA,AGTCAGTCAG,CC,GGACTACHVGGGTWTCTAAT,CAAGCAGAAGACGGCATACGAGATATTGCTGGTCGAAGTCAGTCAGCCGGACTACHVGGGTWTCTAAT
Acuta16S_Pa_JO_06,Leeward,AOO2004,P acuta,Jong,CAAGCAGAAGACGGCATACGAGAT,AAGAAGCCGGAC,AGTCAGTCAG,CC,GGACTACHVGGGTWTCTAAT,CAAGCAGAAGACGGCATACGAGATAAGAAGCCGGACAGTCAGTCAGCCGGACTACHVGGGTWTCTAAT
Acuta16S_Pa_JO_07,Leeward,AOO2003,P acuta,Jong,CAAGCAGAAGACGGCATACGAGAT,ACGGGATACAGG,AGTCAGTCAG,CC,GGACTACHVGGGTWTCTAAT,CAAGCAGAAGACGGCATACGAGATACGGGATACAGGAGTCAGTCAGCCGGACTACHVGGGTWTCTAAT
Acuta16S_Pa_JO_08,Leeward,AOO2002,P acuta,Jong,CAAGCAGAAGACGGCATACGAGAT,AAGAGTCTCTAG,AGTCAGTCAG,CC,GGACTACHVGGGTWTCTAAT,CAAGCAGAAGACGGCATACGAGATAAGAGTCTCTAGAGTCAGTCAGCCGGACTACHVGGGTWTCTAAT
Acuta16S_Pa_JO_09,Leeward,AOO2001,P acuta,Jong,CAAGCAGAAGACGGCATACGAGAT,TCCGTCATGGGT,AGTCAGTCAG,CC,GGACTACHVGGGTWTCTAAT,CAAGCAGAAGACGGCATACGAGATTCCGTCATGGGTAGTCAGTCAGCCGGACTACHVGGGTWTCTAAT
Acuta16S_Pa_RA_01,Leeward,AOO2000,P acuta,Raffles Lighthouse,CAAGCAGAAGACGGCATACGAGAT,AGATCTATGCAG,AGTCAGTCAG,CC,GGACTACHVGGGTWTCTAAT,CAAGCAGAAGACGGCATACGAGATAGATCTATGCAGAGTCAGTCAGCCGGACTACHVGGGTWTCTAAT
Acuta16S_Pa_RA_02,Leeward,AOO1999,P acuta,Raffles Lighthouse,CAAGCAGAAGACGGCATACGAGAT,GCACAAGGCAAG,AGTCAGTCAG,CC,GGACTACHVGGGTWTCTAAT,CAAGCAGAAGACGGCATACGAGATGCACAAGGCAAGAGTCAGTCAGCCGGACTACHVGGGTWTCTAAT
Acuta16S_Pa_RA_03,Leeward,AOO1998,P acuta,Raffles Lighthouse,CAAGCAGAAGACGGCATACGAGAT,CGGCAAACACTT,AGTCAGTCAG,CC,GGACTACHVGGGTWTCTAAT,CAAGCAGAAGACGGCATACGAGATCGGCAAACACTTAGTCAGTCAGCCGGACTACHVGGGTWTCTAAT
Acuta16S_Pa_RA_04,Leeward,AOO1997,P acuta,Raffles Lighthouse,CAAGCAGAAGACGGCATACGAGAT,GCGAGTTCCTGT,AGTCAGTCAG,CC,GGACTACHVGGGTWTCTAAT,CAAGCAGAAGACGGCATACGAGATGCGAGTTCCTGTAGTCAGTCAGCCGGACTACHVGGGTWTCTAAT
Acuta16S_Pa_RA_05,Leeward,AOO1996,P acuta,Raffles Lighthouse,CAAGCAGAAGACGGCATACGAGAT,TTCCGAATCGGC,AGTCAGTCAG,CC,GGACTACHVGGGTWTCTAAT,CAAGCAGAAGACGGCATACGAGATTTCCGAATCGGCAGTCAGTCAGCCGGACTACHVGGGTWTCTAAT
Acuta16S_Pa_RA_06,Leeward,AOO1995,P acuta,Raffles Lighthouse,CAAGCAGAAGACGGCATACGAGAT,TACCTAGTGAGA,AGTCAGTCAG,CC,GGACTACHVGGGTWTCTAAT,CAAGCAGAAGACGGCATACGAGATTACCTAGTGAGAAGTCAGTCAGCCGGACTACHVGGGTWTCTAAT
Acuta16S_Pa_RA_07,Leeward,AOO1994,P acuta,Raffles Lighthouse,CAAGCAGAAGACGGCATACGAGAT,CGTTCTGGTGGT,AGTCAGTCAG,CC,GGACTACHVGGGTWTCTAAT,CAAGCAGAAGACGGCATACGAGATCGTTCTGGTGGTAGTCAGTCAGCCGGACTACHVGGGTWTCTAAT
Acuta16S_Pa_RA_08,Leeward,AOO1993,P acuta,Raffles Lighthouse,CAAGCAGAAGACGGCATACGAGAT,TTGGTCTCCTCT,AGTCAGTCAG,CC,GGACTACHVGGGTWTCTAAT,CAAGCAGAAGACGGCATACGAGATTTGGTCTCCTCTAGTCAGTCAGCCGGACTACHVGGGTWTCTAAT
Acuta16S_Pa_RA_09,Leeward,AOO1992,P acuta,Raffles Lighthouse,CAAGCAGAAGACGGCATACGAGAT,CTGCATACTGAG,AGTCAGTCAG,CC,GGACTACHVGGGTWTCTAAT,CAAGCAGAAGACGGCATACGAGATCTGCATACTGAGAGTCAGTCAGCCGGACTACHVGGGTWTCTAAT
Acuta16S_Pa_RA_10,Leeward,AOO1991,P acuta,Raffles Lighthouse,CAAGCAGAAGACGGCATACGAGAT,CAGGGCCTTTGT,AGTCAGTCAG,CC,GGACTACHVGGGTWTCTAAT,CAAGCAGAAGACGGCATACGAGATCAGGGCCTTTGTAGTCAGTCAGCCGGACTACHVGGGTWTCTAAT
Acuta16S_Pa_RA_11,Leeward,AOO1990,P acuta,Raffles Lighthouse,CAAGCAGAAGACGGCATACGAGAT,CGATGAATATCG,AGTCAGTCAG,CC,GGACTACHVGGGTWTCTAAT,CAAGCAGAAGACGGCATACGAGATCGATGAATATCGAGTCAGTCAGCCGGACTACHVGGGTWTCTAAT
Acuta16S_Pa_RA_12,Leeward,AOO1989,P acuta,Raffles Lighthouse,CAAGCAGAAGACGGCATACGAGAT,GTCAATTAGTGG,AGTCAGTCAG,CC,GGACTACHVGGGTWTCTAAT,CAAGCAGAAGACGGCATACGAGATGTCAATTAGTGGAGTCAGTCAGCCGGACTACHVGGGTWTCTAAT
Acuta16S_Pa_RA_13,Leeward,AOO1988,P acuta,Raffles Lighthouse,CAAGCAGAAGACGGCATACGAGAT,AGTACGCAGTCT,AGTCAGTCAG,CC,GGACTACHVGGGTWTCTAAT,CAAGCAGAAGACGGCATACGAGATAGTACGCAGTCTAGTCAGTCAGCCGGACTACHVGGGTWTCTAAT
Acuta16S_Pa_RA_14,Leeward,AOO1987,P acuta,Raffles Lighthouse,CAAGCAGAAGACGGCATACGAGAT,AGCAGCTATTGC,AGTCAGTCAG,CC,GGACTACHVGGGTWTCTAAT,CAAGCAGAAGACGGCATACGAGATAGCAGCTATTGCAGTCAGTCAGCCGGACTACHVGGGTWTCTAAT
Acuta16S_Pa_RA_15,Leeward,AOO1986,P acuta,Raffles Lighthouse,CAAGCAGAAGACGGCATACGAGAT,CTCGGATAGATC,AGTCAGTCAG,CC,GGACTACHVGGGTWTCTAAT,CAAGCAGAAGACGGCATACGAGATCTCGGATAGATCAGTCAGTCAGCCGGACTACHVGGGTWTCTAAT
Acuta16S_Pa_RA_16,Leeward,AOO1985,P acuta,Raffles Lighthouse,CAAGCAGAAGACGGCATACGAGAT,TTCCCGAAACGA,AGTCAGTCAG,CC,GGACTACHVGGGTWTCTAAT,CAAGCAGAAGACGGCATACGAGATTTCCCGAAACGAAGTCAGTCAGCCGGACTACHVGGGTWTCTAAT
Acuta16S_Pa_RA_17,Leeward,AOO1984,P acuta,Raffles Lighthouse,CAAGCAGAAGACGGCATACGAGAT,GAACTTTAGCGC,AGTCAGTCAG,CC,GGACTACHVGGGTWTCTAAT,CAAGCAGAAGACGGCATACGAGATGAACTTTAGCGCAGTCAGTCAGCCGGACTACHVGGGTWTCTAAT
Acuta16S_Pa_RA_18,Leeward,AOO1983,P acuta,Raffles Lighthouse,CAAGCAGAAGACGGCATACGAGAT,TCCTTAGAAGGC,AGTCAGTCAG,CC,GGACTACHVGGGTWTCTAAT,CAAGCAGAAGACGGCATACGAGATTCCTTAGAAGGCAGTCAGTCAGCCGGACTACHVGGGTWTCTAAT
Acuta16S_Pa_RA_19,Leeward,AOO1982,P acuta,Raffles Lighthouse,CAAGCAGAAGACGGCATACGAGAT,GATGGACTTCAA,AGTCAGTCAG,CC,GGACTACHVGGGTWTCTAAT,CAAGCAGAAGACGGCATACGAGATGATGGACTTCAAAGTCAGTCAGCCGGACTACHVGGGTWTCTAAT
Acuta16S_Pa_RA_20,Leeward,AOO1981,P acuta,Raffles Lighthouse,CAAGCAGAAGACGGCATACGAGAT,TACTGAGCCTCG,AGTCAGTCAG,CC,GGACTACHVGGGTWTCTAAT,CAAGCAGAAGACGGCATACGAGATTACTGAGCCTCGAGTCAGTCAGCCGGACTACHVGGGTWTCTAAT
Acuta16S_Pa_Se_01,Leeward,AOO1980,P acuta,Semakau,CAAGCAGAAGACGGCATACGAGAT,AGAAGGCCTTAT,AGTCAGTCAG,CC,GGACTACHVGGGTWTCTAAT,CAAGCAGAAGACGGCATACGAGATAGAAGGCCTTATAGTCAGTCAGCCGGACTACHVGGGTWTCTAAT
Acuta16S_Pa_Se_02,Leeward,AOO1979,P acuta,Semakau,CAAGCAGAAGACGGCATACGAGAT,TGGAGCCTTGTC,AGTCAGTCAG,CC,GGACTACHVGGGTWTCTAAT,CAAGCAGAAGACGGCATACGAGATTGGAGCCTTGTCAGTCAGTCAGCCGGACTACHVGGGTWTCTAAT
Acuta16S_Pa_Se_03,Leeward,AOO1978,P acuta,Semakau,CAAGCAGAAGACGGCATACGAGAT,CTCGATGTAAGC,AGTCAGTCAG,CC,GGACTACHVGGGTWTCTAAT,CAAGCAGAAGACGGCATACGAGATCTCGATGTAAGCAGTCAGTCAGCCGGACTACHVGGGTWTCTAAT
Acuta16S_Pa_Se_04,Leeward,AOO1977,P acuta,Semakau,CAAGCAGAAGACGGCATACGAGAT,AGCTTCGACAGT,AGTCAGTCAG,CC,GGACTACHVGGGTWTCTAAT,CAAGCAGAAGACGGCATACGAGATAGCTTCGACAGTAGTCAGTCAGCCGGACTACHVGGGTWTCTAAT
Acuta16S_Pa_Se_05,Leeward,AOO1976,P acuta,Semakau,CAAGCAGAAGACGGCATACGAGAT,ATACGCATCAAG,AGTCAGTCAG,CC,GGACTACHVGGGTWTCTAAT,CAAGCAGAAGACGGCATACGAGATATACGCATCAAGAGTCAGTCAGCCGGACTACHVGGGTWTCTAAT
Acuta16S_Pa_Se_06,Leeward,AOO1975,P acuta,Semakau,CAAGCAGAAGACGGCATACGAGAT,AGATGTCCGTCA,AGTCAGTCAG,CC,GGACTACHVGGGTWTCTAAT,CAAGCAGAAGACGGCATACGAGATAGATGTCCGTCAAGTCAGTCAGCCGGACTACHVGGGTWTCTAAT
Acuta16S_Pa_Se_07,Leeward,AOO1974,P acuta,Semakau,CAAGCAGAAGACGGCATACGAGAT,GCACCTGTTGAA,AGTCAGTCAG,CC,GGACTACHVGGGTWTCTAAT,CAAGCAGAAGACGGCATACGAGATGCACCTGTTGAAAGTCAGTCAGCCGGACTACHVGGGTWTCTAAT
Acuta16S_Pa_Se_08,Leeward,AOO1973,P acuta,Semakau,CAAGCAGAAGACGGCATACGAGAT,CCTAGAGAAACT,AGTCAGTCAG,CC,GGACTACHVGGGTWTCTAAT,CAAGCAGAAGACGGCATACGAGATCCTAGAGAAACTAGTCAGTCAGCCGGACTACHVGGGTWTCTAAT
Acuta16S_Pa_Se_10,Leeward,AOO1972,P acuta,Semakau,CAAGCAGAAGACGGCATACGAGAT,GAGGTTCTTGAC,AGTCAGTCAG,CC,GGACTACHVGGGTWTCTAAT,CAAGCAGAAGACGGCATACGAGATGAGGTTCTTGACAGTCAGTCAGCCGGACTACHVGGGTWTCTAAT
Acuta16S_Pa_Se_11,Leeward,AOO1971,P acuta,Semakau,CAAGCAGAAGACGGCATACGAGAT,CTGTAAAGGTTG,AGTCAGTCAG,CC,GGACTACHVGGGTWTCTAAT,CAAGCAGAAGACGGCATACGAGATCTGTAAAGGTTGAGTCAGTCAGCCGGACTACHVGGGTWTCTAAT
Acuta16S_Pa_Se_12,Leeward,AOO1970,P acuta,Semakau,CAAGCAGAAGACGGCATACGAGAT,TGAGTCATTGAG,AGTCAGTCAG,CC,GGACTACHVGGGTWTCTAAT,CAAGCAGAAGACGGCATACGAGATTGAGTCATTGAGAGTCAGTCAGCCGGACTACHVGGGTWTCTAAT
Acuta16S_Pa_TPT_01,Leeward,AOO1969,P acuta,TPT,CAAGCAGAAGACGGCATACGAGAT,TACGGCAGTTCA,AGTCAGTCAG,CC,GGACTACHVGGGTWTCTAAT,CAAGCAGAAGACGGCATACGAGATTACGGCAGTTCAAGTCAGTCAGCCGGACTACHVGGGTWTCTAAT
Acuta16S_Pa_TPT_02,Leeward,AOO1968,P acuta,TPT,CAAGCAGAAGACGGCATACGAGAT,CTCTAGAAGAGT,AGTCAGTCAG,CC,GGACTACHVGGGTWTCTAAT,CAAGCAGAAGACGGCATACGAGATCTCTAGAAGAGTAGTCAGTCAGCCGGACTACHVGGGTWTCTAAT
Acuta16S_Pa_TPT_03,Leeward,AOO1967,P acuta,TPT,CAAGCAGAAGACGGCATACGAGAT,TGCACAGTCGCT,AGTCAGTCAG,CC,GGACTACHVGGGTWTCTAAT,CAAGCAGAAGACGGCATACGAGATTGCACAGTCGCTAGTCAGTCAGCCGGACTACHVGGGTWTCTAAT
Acuta16S_Pa_TPT_04,Leeward,AOO1966,P acuta,TPT,CAAGCAGAAGACGGCATACGAGAT,CATGCGGATCCT,AGTCAGTCAG,CC,GGACTACHVGGGTWTCTAAT,CAAGCAGAAGACGGCATACGAGATCATGCGGATCCTAGTCAGTCAGCCGGACTACHVGGGTWTCTAAT
Acuta16S_Pa_TPT_11,Leeward,AOO1965,P acuta,TPT,CAAGCAGAAGACGGCATACGAGAT,TGCTCCGTAGAA,AGTCAGTCAG,CC,GGACTACHVGGGTWTCTAAT,CAAGCAGAAGACGGCATACGAGATTGCTCCGTAGAAAGTCAGTCAGCCGGACTACHVGGGTWTCTAAT
Acuta16S_Pa_TPT_12,Leeward,AOO1964,P acuta,TPT,CAAGCAGAAGACGGCATACGAGAT,TGATAGGTACAC,AGTCAGTCAG,CC,GGACTACHVGGGTWTCTAAT,CAAGCAGAAGACGGCATACGAGATTGATAGGTACACAGTCAGTCAGCCGGACTACHVGGGTWTCTAAT
Acuta16S_Pa_TPT_13,Leeward,AOO1963,P acuta,TPT,CAAGCAGAAGACGGCATACGAGAT,CGAGTTCATCGA,AGTCAGTCAG,CC,GGACTACHVGGGTWTCTAAT,CAAGCAGAAGACGGCATACGAGATCGAGTTCATCGAAGTCAGTCAGCCGGACTACHVGGGTWTCTAAT
Acuta16S_Pa_TPT_14,Leeward,AOO1962,P acuta,TPT,CAAGCAGAAGACGGCATACGAGAT,AAGCAGATTGTC,AGTCAGTCAG,CC,GGACTACHVGGGTWTCTAAT,CAAGCAGAAGACGGCATACGAGATAAGCAGATTGTCAGTCAGTCAGCCGGACTACHVGGGTWTCTAAT
Acuta16S_Pa_TPT_15,Leeward,AOO1961,P acuta,TPT,CAAGCAGAAGACGGCATACGAGAT,TAGAGGCGTAGG,AGTCAGTCAG,CC,GGACTACHVGGGTWTCTAAT,CAAGCAGAAGACGGCATACGAGATTAGAGGCGTAGGAGTCAGTCAGCCGGACTACHVGGGTWTCTAAT
Acuta16S_Pa_TPT_16,Leeward,AOO1960,P acuta,TPT,CAAGCAGAAGACGGCATACGAGAT,TCAGCGCCGTTA,AGTCAGTCAG,CC,GGACTACHVGGGTWTCTAAT,CAAGCAGAAGACGGCATACGAGATTCAGCGCCGTTAAGTCAGTCAGCCGGACTACHVGGGTWTCTAAT
Acuta16S_Pa_SS_01,Windward,AOO1959,P acuta,Sultan Shoal,CAAGCAGAAGACGGCATACGAGAT,TAGACCGACTCC,AGTCAGTCAG,CC,GGACTACHVGGGTWTCTAAT,CAAGCAGAAGACGGCATACGAGATTAGACCGACTCCAGTCAGTCAGCCGGACTACHVGGGTWTCTAAT
Acuta16S_Blank,NA,AOO1958,P acuta,Blank,CAAGCAGAAGACGGCATACGAGAT,GTCAACGCTGTC,AGTCAGTCAG,CC,GGACTACHVGGGTWTCTAAT,CAAGCAGAAGACGGCATACGAGATGTCAACGCTGTCAGTCAGTCAGCCGGACTACHVGGGTWTCTAAT
Acuta16S_Blank,NA,AOO1957,P acuta,Blank,CAAGCAGAAGACGGCATACGAGAT,ACAGGAGGGTGT,AGTCAGTCAG,CC,GGACTACHVGGGTWTCTAAT,CAAGCAGAAGACGGCATACGAGATACAGGAGGGTGTAGTCAGTCAGCCGGACTACHVGGGTWTCTAAT
Acuta16S_Blank,NA,AOO1956,P acuta,Blank,CAAGCAGAAGACGGCATACGAGAT,GCTGTCGTCAAC,AGTCAGTCAG,CC,GGACTACHVGGGTWTCTAAT,CAAGCAGAAGACGGCATACGAGATGCTGTCGTCAACAGTCAGTCAGCCGGACTACHVGGGTWTCTAAT
Acuta16S_Blank,NA,AOO1955,P acuta,Blank,CAAGCAGAAGACGGCATACGAGAT,ATAGAGGCCATT,AGTCAGTCAG,CC,GGACTACHVGGGTWTCTAAT,CAAGCAGAAGACGGCATACGAGATATAGAGGCCATTAGTCAGTCAGCCGGACTACHVGGGTWTCTAAT
