,SampleID,ActualBarcode,SampleName,Species,Island.Collected.From,controls
AOO1875,PNA_1.2um_Porites_dil4,TTGTCAATTCGG,AOO1875,Porites lutea,,FALSE
AOO1876,PNA_1.2um_Porites_dil3,TGTCCAGGTTTA,AOO1876,Porites lutea,,FALSE
AOO1877,PNA_1.2um_Porites_dil2,CGTACAGTTATC,AOO1877,Porites lutea,,FALSE
AOO1878,PNA_1.2um_Porites_dil1,AGCAACGGACTC,AOO1878,Porites lutea,,FALSE
AOO1879,PNA_5um_Porites_dil4,ACATCACTTAGC,AOO1879,Porites lutea,,FALSE
AOO1880,PNA_5um_Porites_dil3,CGCTCTTTGTTC,AOO1880,Porites lutea,,FALSE
AOO1881,PNA_5um_Porites_dil2,TTAGTGCGTTTG,AOO1881,Porites lutea,,FALSE
AOO1882,PNA_5um_Porites_dil1,TCTCGAGCAAAC,AOO1882,Porites lutea,,FALSE
AOO1883,PNA_1.2um_Turf_dil4,AGAGCGCCGTTA,AOO1883,Turf Algae,,FALSE
AOO1884,PNA_1.2um_Turf_dil3,GTATGACTGGCT,AOO1884,Turf Algae,,FALSE
AOO1885,PNA_1.2um_Turf_dil2,TACCTTGGGTGA,AOO1885,Turf Algae,,FALSE
AOO1886,PNA_1.2um_Turf_dil1,CGCAATCGGTAG,AOO1886,Turf Algae,,FALSE
AOO1887,PNA_1.2um_SA_dil4,GAAAGCGATTGA,AOO1887,Sonneratia alba,,FALSE
AOO1888,PNA_1.2um_SA_dil3,GACTGTCATGCA,AOO1888,Sonneratia alba,,FALSE
AOO1889,PNA_1.2um_SA_dil2,CACACTAACGTT,AOO1889,Sonneratia alba,,FALSE
AOO1890,PNA_1.2um_SA_dil1,CCATGTTTCCGC,AOO1890,Sonneratia alba,,FALSE
AOO1891,PNA_1.2um_AA_dil4,TAGGGTCCGCAA,AOO1891,Avicenia alba,,FALSE
AOO1892,PNA_1.2um_AA_dil3,GCTCGCTACTTC,AOO1892,Avicenia alba,,FALSE
AOO1893,PNA_1.2um_AA_dil2,TGTAACGCCAAC,AOO1893,Avicenia alba,,FALSE
AOO1894,PNA_1.2um_AA_dil1,CAGAATCTTCGG,AOO1894,Avicenia alba,,FALSE
AOO1895,PNA_1.2um_EA_dil4,GTTGAACGAAAG,AOO1895,Enhalus acoroides,,FALSE
AOO1896,PNA_1.2um_EA_dil3,TACATCACCACA,AOO1896,Enhalus acoroides,,FALSE
AOO1897,PNA_1.2um_EA_dil2,GAATCCGGACAC,AOO1897,Enhalus acoroides,,FALSE
AOO1898,PNA_1.2um_EA_dil1,CGTACTAGACTG,AOO1898,Enhalus acoroides,,FALSE
AOO1899,PNA_1.2um_HO_dil4,CCACTTGGATAG,AOO1899,Halophila ovalis,,FALSE
AOO1900,PNA_1.2um_HO_dil3,GGTTAACAGGAA,AOO1900,Halophila ovalis,,FALSE
AOO1901,PNA_1.2um_HO_dil2,CCGAGGTAGTAC,AOO1901,Halophila ovalis,,FALSE
AOO1902,PNA_1.2um_HO_dil1,AACCGTTCCAGA,AOO1902,Halophila ovalis,,FALSE
AOO1903,PNA_1.2um_Sar_dil4,TTCGTTGTGGTA,AOO1903,Sargassum,,FALSE
AOO1904,PNA_1.2um_Sar_dil3,CATATACTCGCA,AOO1904,Sargassum,,FALSE
AOO1905,PNA_1.2um_Sar_dil2,ACTTTGTCGCAA,AOO1905,Sargassum,,FALSE
AOO1906,PNA_1.2um_Sar_dil1,CTGAACGCTAGT,AOO1906,Sargassum,,FALSE
AOO1907,PNA_3um_Turf_dil4,GAATGCAACGCC,AOO1907,Turf Algae,,FALSE
AOO1908,PNA_3um_Turf_dil3,GATCGCAGGTGT,AOO1908,Turf Algae,,FALSE
AOO1909,PNA_3um_Turf_dil2,GTCGCTGTCTTC,AOO1909,Turf Algae,,FALSE
AOO1910,PNA_3um_Turf_dil1,CGTTGCCTCGTT,AOO1910,Turf Algae,,FALSE
AOO1911,PNA_3um_SA_dil4,AAGACACAGGTA,AOO1911,Sonneratia alba,,FALSE
AOO1912,PNA_3um_SA_dil3,CTATCGTAAGGC,AOO1912,Sonneratia alba,,FALSE
AOO1913,PNA_3um_SA_dil2,AACGTATCGCCA,AOO1913,Sonneratia alba,,FALSE
AOO1914,PNA_3um_SA_dil1,GTGTCTACATTG,AOO1914,Sonneratia alba,,FALSE
AOO1915,PNA_3um_AA_dil4,CAAGCTCTGATT,AOO1915,Avicenia alba,,FALSE
AOO1916,PNA_3um_AA_dil3,AGGTTTGCCAGT,AOO1916,Avicenia alba,,FALSE
AOO1917,PNA_3um_AA_dil2,GAAGCAGAATTG,AOO1917,Avicenia alba,,FALSE
AOO1918,PNA_3um_AA_dil1,TGACCCAGGCAA,AOO1918,Avicenia alba,,FALSE
AOO1919,PNA_3um_EA_dil4,CGCCTTAAGGAG,AOO1919,Enhalus acoroides,,FALSE
AOO1920,PNA_3um_EA_dil3,AGCACGAGCCTA,AOO1920,Enhalus acoroides,,FALSE
AOO1921,PNA_3um_EA_dil2,ATTCGGTTGTCA,AOO1921,Enhalus acoroides,,FALSE
AOO1922,PNA_3um_EA_dil1,TATGGCACACAC,AOO1922,Enhalus acoroides,,FALSE
AOO1923,PNA_3um_HO_dil4,ACTTAGCTTGCA,AOO1923,Halophila ovalis,,FALSE
AOO1924,PNA_3um_HO_dil3,GAGCCTTACATG,AOO1924,Halophila ovalis,,FALSE
AOO1925,PNA_3um_HO_dil2,CTACAATGTCGG,AOO1925,Halophila ovalis,,FALSE
AOO1926,PNA_3um_HO_dil1,TCTGCTAGATGT,AOO1926,Halophila ovalis,,FALSE
AOO1927,PNA_3um_Sar_dil4,TCCGGTTCCTAC,AOO1927,Sargassum,,FALSE
AOO1928,PNA_3um_Sar_dil3,TTGTAGCCTCAA,AOO1928,Sargassum,,FALSE
AOO1929,PNA_3um_Sar_dil2,CATAACATCCGT,AOO1929,Sargassum,,FALSE
AOO1930,PNA_3um_Sar_dil1,CGCACTCTAGAA,AOO1930,Sargassum,,FALSE
AOO1931,PNA_5um_Turf_dil4,GGCGACATGTAC,AOO1931,Turf Algae,,FALSE
AOO1932,PNA_5um_Turf_dil3,TCAGACAGACCG,AOO1932,Turf Algae,,FALSE
AOO1933,PNA_5um_Turf_dil2,GTACCGTGGTAG,AOO1933,Turf Algae,,FALSE
AOO1934,PNA_5um_Turf_dil1,GTCAAACTTACC,AOO1934,Turf Algae,,FALSE
AOO1935,PNA_5um_SA_dil4,CCTGTCATACAA,AOO1935,Sonneratia alba,,FALSE
AOO1936,PNA_5um_SA_dil3,TTATATTGGGCC,AOO1936,Sonneratia alba,,FALSE
AOO1937,PNA_5um_SA_dil2,TGGGTTATCATC,AOO1937,Sonneratia alba,,FALSE
AOO1938,PNA_5um_SA_dil1,TGAAGAGGTAGT,AOO1938,Sonneratia alba,,FALSE
AOO1939,PNA_5um_AA_dil4,ACTAGCTCCATA,AOO1939,Avicenia alba,,FALSE
AOO1940,PNA_5um_AA_dil3,GTTGGCATGGTT,AOO1940,Avicenia alba,,FALSE
AOO1941,PNA_5um_AA_dil2,GACCGAGCTATG,AOO1941,Avicenia alba,,FALSE
AOO1942,PNA_5um_AA_dil1,GGTGGTGGTTAC,AOO1942,Avicenia alba,,FALSE
AOO1943,PNA_5um_EA_dil4,TCTTGTCAAGGT,AOO1943,Enhalus acoroides,,FALSE
AOO1944,PNA_5um_EA_dil3,GATTACTCGGCA,AOO1944,Enhalus acoroides,,FALSE
AOO1945,PNA_5um_EA_dil2,GACTGCATCTTA,AOO1945,Enhalus acoroides,,FALSE
AOO1946,PNA_5um_EA_dil1,AGCCGAATTCCA,AOO1946,Enhalus acoroides,,FALSE
AOO1947,PNA_5um_HO_dil4,GGTAGTTGAAGA,AOO1947,Halophila ovalis,,FALSE
AOO1948,PNA_5um_HO_dil3,TAATAGGCCGCT,AOO1948,Halophila ovalis,,FALSE
AOO1949,PNA_5um_HO_dil2,GAGACAGCTTGC,AOO1949,Halophila ovalis,,FALSE
AOO1950,PNA_5um_HO_dil1,AGGCTGATTTGC,AOO1950,Halophila ovalis,,FALSE
AOO1951,PNA_5um_Sar_dil4,AAGACCGGTGCT,AOO1951,Sargassum,,FALSE
AOO1952,PNA_5um_Sar_dil3,CGACTCCAAGAT,AOO1952,Sargassum,,FALSE
AOO1953,PNA_5um_Sar_dil2,CATTCGATGACT,AOO1953,Sargassum,,FALSE
AOO1954,PNA_5um_Sar_dil1,AATTTGATCCCG,AOO1954,Sargassum,,FALSE
AOO1959,Acuta16S_Pa_SS_01,GGAGTCGGTCTA,AOO1959,P acuta,Sultan Shoals,FALSE
AOO1960,Acuta16S_Pa_TPT_16,TAACGGCGCTGA,AOO1960,P acuta,TPT,FALSE
AOO1961,Acuta16S_Pa_TPT_15,CCTACGCCTCTA,AOO1961,P acuta,TPT,FALSE
AOO1962,Acuta16S_Pa_TPT_14,GACAATCTGCTT,AOO1962,P acuta,TPT,FALSE
AOO1963,Acuta16S_Pa_TPT_13,TCGATGAACTCG,AOO1963,P acuta,TPT,FALSE
AOO1964,Acuta16S_Pa_TPT_12,GTGTACCTATCA,AOO1964,P acuta,TPT,FALSE
AOO1965,Acuta16S_Pa_TPT_11,TTCTACGGAGCA,AOO1965,P acuta,TPT,FALSE
AOO1966,Acuta16S_Pa_TPT_04,AGGATCCGCATG,AOO1966,P acuta,TPT,FALSE
AOO1967,Acuta16S_Pa_TPT_03,AGCGACTGTGCA,AOO1967,P acuta,TPT,FALSE
AOO1968,Acuta16S_Pa_TPT_02,ACTCTTCTAGAG,AOO1968,P acuta,TPT,FALSE
AOO1969,Acuta16S_Pa_TPT_01,TGAACTGCCGTA,AOO1969,P acuta,TPT,FALSE
AOO1970,Acuta16S_Pa_Se_12,CTCAATGACTCA,AOO1970,P acuta,Semakau,FALSE
AOO1971,Acuta16S_Pa_Se_11,CAACCTTTACAG,AOO1971,P acuta,Semakau,FALSE
AOO1972,Acuta16S_Pa_Se_10,GTCAAGAACCTC,AOO1972,P acuta,Semakau,FALSE
AOO1973,Acuta16S_Pa_Se_08,AGTTTCTCTAGG,AOO1973,P acuta,Semakau,FALSE
AOO1974,Acuta16S_Pa_Se_07,TTCAACAGGTGC,AOO1974,P acuta,Semakau,FALSE
AOO1975,Acuta16S_Pa_Se_06,TGACGGACATCT,AOO1975,P acuta,Semakau,FALSE
AOO1976,Acuta16S_Pa_Se_05,CTTGATGCGTAT,AOO1976,P acuta,Semakau,FALSE
AOO1977,Acuta16S_Pa_Se_04,ACTGTCGAAGCT,AOO1977,P acuta,Semakau,FALSE
AOO1978,Acuta16S_Pa_Se_03,GCTTACATCGAG,AOO1978,P acuta,Semakau,FALSE
AOO1979,Acuta16S_Pa_Se_02,GACAAGGCTCCA,AOO1979,P acuta,Semakau,FALSE
AOO1980,Acuta16S_Pa_Se_01,ATAAGGCCTTCT,AOO1980,P acuta,Semakau,FALSE
AOO1981,Acuta16S_Pa_RA_20,CGAGGCTCAGTA,AOO1981,P acuta,Raffles Light House,FALSE
AOO1982,Acuta16S_Pa_RA_19,TTGAAGTCCATC,AOO1982,P acuta,Raffles Light House,FALSE
AOO1983,Acuta16S_Pa_RA_18,GCCTTCTAAGGA,AOO1983,P acuta,Raffles Light House,FALSE
AOO1984,Acuta16S_Pa_RA_17,GCGCTAAAGTTC,AOO1984,P acuta,Raffles Light House,FALSE
AOO1985,Acuta16S_Pa_RA_16,TCGTTTCGGGAA,AOO1985,P acuta,Raffles Light House,FALSE
AOO1986,Acuta16S_Pa_RA_15,GATCTATCCGAG,AOO1986,P acuta,Raffles Light House,FALSE
AOO1987,Acuta16S_Pa_RA_14,GCAATAGCTGCT,AOO1987,P acuta,Raffles Light House,FALSE
AOO1988,Acuta16S_Pa_RA_13,AGACTGCGTACT,AOO1988,P acuta,Raffles Light House,FALSE
AOO1989,Acuta16S_Pa_RA_12,CCACTAATTGAC,AOO1989,P acuta,Raffles Light House,FALSE
AOO1990,Acuta16S_Pa_RA_11,CGATATTCATCG,AOO1990,P acuta,Raffles Light House,FALSE
AOO1991,Acuta16S_Pa_RA_10,ACAAAGGCCCTG,AOO1991,P acuta,Raffles Light House,FALSE
AOO1992,Acuta16S_Pa_RA_09,CTCAGTATGCAG,AOO1992,P acuta,Raffles Light House,FALSE
AOO1993,Acuta16S_Pa_RA_08,AGAGGAGACCAA,AOO1993,P acuta,Raffles Light House,FALSE
AOO1994,Acuta16S_Pa_RA_07,ACCACCAGAACG,AOO1994,P acuta,Raffles Light House,FALSE
AOO1995,Acuta16S_Pa_RA_06,TCTCACTAGGTA,AOO1995,P acuta,Raffles Light House,FALSE
AOO1996,Acuta16S_Pa_RA_05,GCCGATTCGGAA,AOO1996,P acuta,Raffles Light House,FALSE
AOO1997,Acuta16S_Pa_RA_04,ACAGGAACTCGC,AOO1997,P acuta,Raffles Light House,FALSE
AOO1998,Acuta16S_Pa_RA_03,AAGTGTTTGCCG,AOO1998,P acuta,Raffles Light House,FALSE
AOO1999,Acuta16S_Pa_RA_02,CTTGCCTTGTGC,AOO1999,P acuta,Raffles Light House,FALSE
AOO2000,Acuta16S_Pa_RA_01,CTGCATAGATCT,AOO2000,P acuta,Raffles Light House,FALSE
AOO2001,Acuta16S_Pa_JO_09,ACCCATGACGGA,AOO2001,P acuta,Jong,FALSE
AOO2002,Acuta16S_Pa_JO_08,CTAGAGACTCTT,AOO2002,P acuta,Jong,FALSE
AOO2003,Acuta16S_Pa_JO_07,CCTGTATCCCGT,AOO2003,P acuta,Jong,FALSE
AOO2004,Acuta16S_Pa_JO_06,GTCCGGCTTCTT,AOO2004,P acuta,Jong,FALSE
AOO2005,Acuta16S_Pa_JO_05,TCGACCAGCAAT,AOO2005,P acuta,Jong,FALSE
AOO2006,Acuta16S_Pa_JO_04,CATCAAACCTCA,AOO2006,P acuta,Jong,FALSE
AOO2007,Acuta16S_Pa_JO_03,GATTGCCGCAAG,AOO2007,P acuta,Jong,FALSE
AOO2008,Acuta16S_Pa_JO_02,ACGTTAGCACAC,AOO2008,P acuta,Jong,FALSE
AOO2009,Acuta16S_Pa_JO_01,TCTATCGGGTTA,AOO2009,P acuta,Jong,FALSE
AOO2010,Acuta16S_Pa_HA_05,GATAGTGCCACT,AOO2010,P acuta,Hantu,FALSE
AOO2011,Acuta16S_Pa_HA_04,CCTTATAGGCGA,AOO2011,P acuta,Hantu,FALSE
AOO2012,Acuta16S_Pa_HA_03,ATTGCAGGTACC,AOO2012,P acuta,Hantu,FALSE
AOO2013,Acuta16S_Pa_HA_02,AGGAGTAACACA,AOO2013,P acuta,Hantu,FALSE
AOO2014,Acuta16S_Pa_HA_01,GCCTCCCTTATG,AOO2014,P acuta,Hantu,FALSE
AOO2015,Acuta16S_Pa_SJ_01,CTACTGATATCG,AOO2015,P acuta,St John,FALSE
AOO2016,Acuta16S_Pa_SI_20,GGTAATCCTGTG,AOO2016,P acuta,Sisters,FALSE
AOO2017,Acuta16S_Pa_SI_19,TAGAGTACCGGC,AOO2017,P acuta,Sisters,FALSE
AOO2018,Acuta16S_Pa_SI_18,TCACAGATCCGA,AOO2018,P acuta,Sisters,FALSE
AOO2019,Acuta16S_Pa_SI_17,CCTTTCTTCTCA,AOO2019,P acuta,Sisters,FALSE
AOO2020,Acuta16S_Pa_SI_16,GAGTCAACCGCA,AOO2020,P acuta,Sisters,FALSE
AOO2021,Acuta16S_Pa_SI_15,AGATTCGTTGTC,AOO2021,P acuta,Sisters,FALSE
AOO2022,Acuta16S_Pa_SI_14,TGCTCGTAGGAT,AOO2022,P acuta,Sisters,FALSE
AOO2023,Acuta16S_Pa_SI_13,ACCTAGAGTCGG,AOO2023,P acuta,Sisters,FALSE
AOO2024,Acuta16S_Pa_SI_12,TGGCTCTACAGA,AOO2024,P acuta,Sisters,FALSE
AOO2025,Acuta16S_Pa_SI_11,ATGGGCTCTGAT,AOO2025,P acuta,Sisters,FALSE
AOO2026,Acuta16S_Pa_SI_10,ATTCTAGCGTTG,AOO2026,P acuta,Sisters,FALSE
AOO2027,Acuta16S_Pa_SI_09,ATGACTCATTCG,AOO2027,P acuta,Sisters,FALSE
AOO2028,Acuta16S_Pa_SI_08,ACGCATTGCATT,AOO2028,P acuta,Sisters,FALSE
AOO2029,Acuta16S_Pa_SI_07,TGCCAGGCTAGA,AOO2029,P acuta,Sisters,FALSE
AOO2030,Acuta16S_Pa_SI_06,GCACCCAAAGTG,AOO2030,P acuta,Sisters,FALSE
AOO2031,Acuta16S_Pa_SI_05,AGAGTCCTGAGC,AOO2031,P acuta,Sisters,FALSE
AOO2032,Acuta16S_Pa_SI_04,ATGCACTGGCGA,AOO2032,P acuta,Sisters,FALSE
AOO2033,Acuta16S_Pa_SI_03,ACCTGTCTCTCT,AOO2033,P acuta,Sisters,FALSE
AOO2034,Acuta16S_Pa_SI_02,CGTGTTTCAAAC,AOO2034,P acuta,Sisters,FALSE
AOO2035,Acuta16S_Pa_SI_01,TTCACGGGTTGA,AOO2035,P acuta,Sisters,FALSE
AOO2036,Acuta16S_Pa_KU_20,CGTGATCTCTCC,AOO2036,P acuta,Kusu,FALSE
AOO2037,Acuta16S_Pa_KU_19,GGCTCTGCTCTT,AOO2037,P acuta,Kusu,FALSE
AOO2038,Acuta16S_Pa_KU_18,CATAGTTTAGCC,AOO2038,P acuta,Kusu,FALSE
AOO2039,Acuta16S_Pa_KU_17,TGCTCAGTATGT,AOO2039,P acuta,Kusu,FALSE
AOO2040,Acuta16S_Pa_KU_16,CGATGTCGTCAA,AOO2040,P acuta,Kusu,FALSE
AOO2041,Acuta16S_Pa_KU_15,TCCCATTGAAGG,AOO2041,P acuta,Kusu,FALSE
AOO2042,Acuta16S_Pa_KU_14,TTGCCACTAGAT,AOO2042,P acuta,Kusu,FALSE
AOO2043,Acuta16S_Pa_KU_13,ATGGCAGCTCTA,AOO2043,P acuta,Kusu,FALSE
AOO2044,Acuta16S_Pa_KU_12,CAGTAACGGCCA,AOO2044,P acuta,Kusu,FALSE
AOO2045,Acuta16S_Pa_KU_11,GGTATGACTCAC,AOO2045,P acuta,Kusu,FALSE
AOO2046,Acuta16S_Pa_KU_10,GTAGAGCTGTTC,AOO2046,P acuta,Kusu,FALSE
AOO2047,Acuta16S_Pa_KU_09,TATTACCGGCAT,AOO2047,P acuta,Kusu,FALSE
AOO2048,Acuta16S_Pa_KU_08,TGTCATAGGTTC,AOO2048,P acuta,Kusu,FALSE
AOO2049,Acuta16S_Pa_KU_07,TTCTCCGTGTCG,AOO2049,P acuta,Kusu,FALSE
AOO2050,Acuta16S_Pa_KU_06,CCTATGTGATGG,AOO2050,P acuta,Kusu,FALSE
AOO2051,Acuta16S_Pa_KU_05,TGGTGTTGGTGT,AOO2051,P acuta,Kusu,FALSE
AOO2052,Acuta16S_Pa_KU_04,AGTGACGTTCGG,AOO2052,P acuta,Kusu,FALSE
AOO2053,Acuta16S_Pa_KU_03,TCCTCCTATTGC,AOO2053,P acuta,Kusu,FALSE
AOO2054,Acuta16S_Pa_KU_02,TCGTTGGATGGT,AOO2054,P acuta,Kusu,FALSE
AOO2055,Acuta16S_Pa_KU_01,GCCTTAAGCGAT,AOO2055,P acuta,Kusu,FALSE
